[{"model": "nursing.patienttype", "pk": 1, "fields": {"name": "Expat", "info": ""}}, {"model": "nursing.patienttype", "pk": 2, "fields": {"name": "Local", "info": ""}}, {"model": "nursing.diagnosys", "pk": 1, "fields": {"code": "AB12", "name": "Dor de Pesco\u00e7o", "group": "Dores", "info": ""}}, {"model": "nursing.diagnosys", "pk": 2, "fields": {"code": "BB32", "name": "Adsa asda", "group": "Dsda", "info": ""}}, {"model": "nursing.treatment", "pk": 1, "fields": {"code": "VL123", "name": "BlaBla", "group": "sdaads", "info": ""}}, {"model": "nursing.department", "pk": 1, "fields": {"name": "Hotel Bom Bom", "info": ""}}, {"model": "nursing.department", "pk": 2, "fields": {"name": "Hotel Ro\u00e7a Sundy", "info": ""}}, {"model": "nursing.department", "pk": 3, "fields": {"name": "Hotel Ro\u00e7a Sundy", "info": ""}}, {"model": "nursing.department", "pk": 4, "fields": {"name": "Hotel Praia Sundy", "info": ""}}, {"model": "nursing.department", "pk": 5, "fields": {"name": "Waste Management", "info": ""}}, {"model": "nursing.department", "pk": 6, "fields": {"name": "Maintenance", "info": ""}}, {"model": "nursing.department", "pk": 7, "fields": {"name": "Carpentry", "info": ""}}, {"model": "nursing.department", "pk": 8, "fields": {"name": "FPT", "info": ""}}, {"model": "nursing.department", "pk": 9, "fields": {"name": "Agriculture", "info": ""}}, {"model": "nursing.department", "pk": 10, "fields": {"name": "Tourist BB", "info": ""}}, {"model": "nursing.department", "pk": 11, "fields": {"name": "Tourist RS", "info": ""}}, {"model": "nursing.department", "pk": 12, "fields": {"name": "Tourist PS", "info": ""}}, {"model": "nursing.department", "pk": 13, "fields": {"name": "Expat BB", "info": ""}}, {"model": "nursing.department", "pk": 14, "fields": {"name": "Expat RS", "info": ""}}, {"model": "nursing.department", "pk": 15, "fields": {"name": "Expat PS", "info": ""}}, {"model": "nursing.department", "pk": 16, "fields": {"name": "Office", "info": ""}}, {"model": "nursing.department", "pk": 17, "fields": {"name": "Expat Office", "info": ""}}, {"model": "nursing.department", "pk": 18, "fields": {"name": "Expat Other Departments", "info": ""}}, {"model": "nursing.medicinetype", "pk": 1, "fields": {"name": "Oral", "info": ""}}, {"model": "nursing.medicinetype", "pk": 2, "fields": {"name": "Wound", "info": ""}}, {"model": "nursing.medicine", "pk": 1, "fields": {"code": "123432", "name": "Brufen 600", "group": "Ibuprofeno", "medicine_type": 1, "expiration": "2017-11-18", "quantity": "52.00", "info": ""}}, {"model": "nursing.medicine", "pk": 2, "fields": {"code": "ABX", "name": "Flucloxacilina 500mg", "group": "Antibiotics", "medicine_type": 1, "expiration": "2018-09-01", "quantity": "96.00", "info": ""}}, {"model": "nursing.patient", "pk": 1, "fields": {"name": "Marco Simoes", "birthdate": "1988-11-18", "patient_type": 1, "department": null, "address": "", "contact": "", "pmh": "", "alergies": "", "when": "2017-11-18T03:58:24Z", "info": ""}}, {"model": "nursing.patient", "pk": 2, "fields": {"name": "Andreia Gomes", "birthdate": "1990-11-18", "patient_type": 2, "department": null, "address": "", "contact": "", "pmh": "", "alergies": "", "when": "2017-11-18T03:58:52Z", "info": ""}}, {"model": "nursing.medicinestockchange", "pk": 1, "fields": {"medicine": 1, "quantity": "12.00", "visit": null, "when": "2017-11-18T04:01:01Z"}}, {"model": "nursing.medicinestockchange", "pk": 2, "fields": {"medicine": 1, "quantity": "5.00", "visit": 2, "when": "2017-11-18T04:14:36Z"}}, {"model": "nursing.medicinestockchange", "pk": 3, "fields": {"medicine": 1, "quantity": "15.00", "visit": 3, "when": "2017-11-18T04:18:14Z"}}, {"model": "nursing.medicinestockchange", "pk": 4, "fields": {"medicine": 1, "quantity": "5.00", "visit": null, "when": "2017-11-18T04:20:02Z"}}, {"model": "nursing.medicinestockchange", "pk": 5, "fields": {"medicine": 1, "quantity": "-9.00", "visit": 4, "when": "2017-11-18T04:20:35Z"}}, {"model": "nursing.medicinestockchange", "pk": 7, "fields": {"medicine": 1, "quantity": "45.00", "visit": null, "when": "2017-11-19T11:20:50Z"}}, {"model": "nursing.medicinestockchange", "pk": 8, "fields": {"medicine": 1, "quantity": "-3.00", "visit": 6, "when": "2017-11-19T11:58:28Z"}}, {"model": "contenttypes.contenttype", "pk": 1, "fields": {"app_label": "nursing", "model": "patienttype"}}, {"model": "contenttypes.contenttype", "pk": 2, "fields": {"app_label": "nursing", "model": "patient"}}, {"model": "contenttypes.contenttype", "pk": 3, "fields": {"app_label": "nursing", "model": "diagnosys"}}, {"model": "contenttypes.contenttype", "pk": 4, "fields": {"app_label": "nursing", "model": "treatment"}}, {"model": "contenttypes.contenttype", "pk": 5, "fields": {"app_label": "nursing", "model": "department"}}, {"model": "contenttypes.contenttype", "pk": 6, "fields": {"app_label": "nursing", "model": "medicinetype"}}, {"model": "contenttypes.contenttype", "pk": 7, "fields": {"app_label": "nursing", "model": "medicine"}}, {"model": "contenttypes.contenttype", "pk": 8, "fields": {"app_label": "nursing", "model": "visit"}}, {"model": "contenttypes.contenttype", "pk": 9, "fields": {"app_label": "nursing", "model": "medicinestockchange"}}, {"model": "contenttypes.contenttype", "pk": 10, "fields": {"app_label": "admin", "model": "logentry"}}, {"model": "contenttypes.contenttype", "pk": 11, "fields": {"app_label": "auth", "model": "permission"}}, {"model": "contenttypes.contenttype", "pk": 12, "fields": {"app_label": "auth", "model": "group"}}, {"model": "contenttypes.contenttype", "pk": 13, "fields": {"app_label": "auth", "model": "user"}}, {"model": "contenttypes.contenttype", "pk": 14, "fields": {"app_label": "contenttypes", "model": "contenttype"}}, {"model": "contenttypes.contenttype", "pk": 15, "fields": {"app_label": "sessions", "model": "session"}}, {"model": "sessions.session", "pk": "3ax39cq8vz6wp3z9y0zrgqkmqbxjl7mj", "fields": {"session_data": "MWU0NWI5MDYwOGJhYmFlZDQ0ZThjZGFhOGQ3OTA4M2I5YTkyZTgwOTp7Il9hdXRoX3VzZXJfaGFzaCI6ImY2ODdmOTg1OThhOTk4MWYwYjQ1MjJhOTI1ZGJmZWY0OTJkM2ZmYjYiLCJfYXV0aF91c2VyX2JhY2tlbmQiOiJkamFuZ28uY29udHJpYi5hdXRoLmJhY2tlbmRzLk1vZGVsQmFja2VuZCIsIl9hdXRoX3VzZXJfaWQiOiIyIn0=", "expire_date": "2017-12-03T12:50:36.610Z"}}, {"model": "sessions.session", "pk": "4atonkmgxz1aab3y7h2cvenyq24mio0t", "fields": {"session_data": "OGQ4ZjdjOTY4YmJiNTk0NWE4NzhhMTk1NWViY2UwNDUyMDI4MThmNjp7Il9hdXRoX3VzZXJfaGFzaCI6Ijc5YzFhNDI1MDY2MmU2NzkwNTg2NTgwNmFlY2FiOTgzNjczMmNhODIiLCJfYXV0aF91c2VyX2JhY2tlbmQiOiJkamFuZ28uY29udHJpYi5hdXRoLmJhY2tlbmRzLk1vZGVsQmFja2VuZCIsIl9hdXRoX3VzZXJfaWQiOiIxIn0=", "expire_date": "2017-12-03T12:34:00.126Z"}}, {"model": "sessions.session", "pk": "5p2qymu597zj2t0j0qwt900saxf0v2m2", "fields": {"session_data": "MzUzOGEzMTE4NjQwYzkxNTRiYTc4NjkwNzliMTg2MzNlYTYxNzUyZTp7Il9hdXRoX3VzZXJfaGFzaCI6Ijc3ODAyODc5YTQzODgzOTljMTZiNDA5MDdiZGYxZGNlYWQyMjAyMTgiLCJfYXV0aF91c2VyX2JhY2tlbmQiOiJkamFuZ28uY29udHJpYi5hdXRoLmJhY2tlbmRzLk1vZGVsQmFja2VuZCIsIl9hdXRoX3VzZXJfaWQiOiIxIn0=", "expire_date": "2017-12-02T03:58:16.931Z"}}, {"model": "sessions.session", "pk": "77s4s2s67hn89hhqsj75nkt6ps3zkb1e", "fields": {"session_data": "MWU0NWI5MDYwOGJhYmFlZDQ0ZThjZGFhOGQ3OTA4M2I5YTkyZTgwOTp7Il9hdXRoX3VzZXJfaGFzaCI6ImY2ODdmOTg1OThhOTk4MWYwYjQ1MjJhOTI1ZGJmZWY0OTJkM2ZmYjYiLCJfYXV0aF91c2VyX2JhY2tlbmQiOiJkamFuZ28uY29udHJpYi5hdXRoLmJhY2tlbmRzLk1vZGVsQmFja2VuZCIsIl9hdXRoX3VzZXJfaWQiOiIyIn0=", "expire_date": "2017-12-08T13:48:09.861Z"}}, {"model": "sessions.session", "pk": "bmdwa3f01nkbvur9cbqym061drdrnoyc", "fields": {"session_data": "MWU0NWI5MDYwOGJhYmFlZDQ0ZThjZGFhOGQ3OTA4M2I5YTkyZTgwOTp7Il9hdXRoX3VzZXJfaGFzaCI6ImY2ODdmOTg1OThhOTk4MWYwYjQ1MjJhOTI1ZGJmZWY0OTJkM2ZmYjYiLCJfYXV0aF91c2VyX2JhY2tlbmQiOiJkamFuZ28uY29udHJpYi5hdXRoLmJhY2tlbmRzLk1vZGVsQmFja2VuZCIsIl9hdXRoX3VzZXJfaWQiOiIyIn0=", "expire_date": "2017-12-08T13:48:10.048Z"}}, {"model": "sessions.session", "pk": "dba2ujgy4gl9uxv6wfp2ug4hs2bhi3kg", "fields": {"session_data": "MTlkZTkzOWI5YjRhNzc0YzA2YzIwZDAyNDNlNjY1OWQ0MjRjMGFkYjp7Il9hdXRoX3VzZXJfaGFzaCI6Ijc1MmUxOGUxYjhlM2RmMGRhMWU2ZTVhMTgzYmZjN2EwNjYzNjMxZmUiLCJfYXV0aF91c2VyX2JhY2tlbmQiOiJkamFuZ28uY29udHJpYi5hdXRoLmJhY2tlbmRzLk1vZGVsQmFja2VuZCIsIl9hdXRoX3VzZXJfaWQiOiIyIn0=", "expire_date": "2017-12-03T11:08:56.443Z"}}, {"model": "sessions.session", "pk": "iopmv9oe5izgbqc1srbwx0cl1c6582m0", "fields": {"session_data": "OGQ4ZjdjOTY4YmJiNTk0NWE4NzhhMTk1NWViY2UwNDUyMDI4MThmNjp7Il9hdXRoX3VzZXJfaGFzaCI6Ijc5YzFhNDI1MDY2MmU2NzkwNTg2NTgwNmFlY2FiOTgzNjczMmNhODIiLCJfYXV0aF91c2VyX2JhY2tlbmQiOiJkamFuZ28uY29udHJpYi5hdXRoLmJhY2tlbmRzLk1vZGVsQmFja2VuZCIsIl9hdXRoX3VzZXJfaWQiOiIxIn0=", "expire_date": "2017-12-03T12:57:18.029Z"}}, {"model": "sessions.session", "pk": "jgc6h5ilo4nuzu5vlal9di8xwexywkwm", "fields": {"session_data": "MzUzOGEzMTE4NjQwYzkxNTRiYTc4NjkwNzliMTg2MzNlYTYxNzUyZTp7Il9hdXRoX3VzZXJfaGFzaCI6Ijc3ODAyODc5YTQzODgzOTljMTZiNDA5MDdiZGYxZGNlYWQyMjAyMTgiLCJfYXV0aF91c2VyX2JhY2tlbmQiOiJkamFuZ28uY29udHJpYi5hdXRoLmJhY2tlbmRzLk1vZGVsQmFja2VuZCIsIl9hdXRoX3VzZXJfaWQiOiIxIn0=", "expire_date": "2017-12-03T11:04:59.667Z"}}, {"model": "sessions.session", "pk": "jzuz5smmuvr2747ire8ygqju5ct082ot", "fields": {"session_data": "MWU0NWI5MDYwOGJhYmFlZDQ0ZThjZGFhOGQ3OTA4M2I5YTkyZTgwOTp7Il9hdXRoX3VzZXJfaGFzaCI6ImY2ODdmOTg1OThhOTk4MWYwYjQ1MjJhOTI1ZGJmZWY0OTJkM2ZmYjYiLCJfYXV0aF91c2VyX2JhY2tlbmQiOiJkamFuZ28uY29udHJpYi5hdXRoLmJhY2tlbmRzLk1vZGVsQmFja2VuZCIsIl9hdXRoX3VzZXJfaWQiOiIyIn0=", "expire_date": "2018-02-05T17:28:06.361Z"}}, {"model": "sessions.session", "pk": "qrxbrgcohwm7jd46lid8z679ps4l6zpt", "fields": {"session_data": "MWU0NWI5MDYwOGJhYmFlZDQ0ZThjZGFhOGQ3OTA4M2I5YTkyZTgwOTp7Il9hdXRoX3VzZXJfaGFzaCI6ImY2ODdmOTg1OThhOTk4MWYwYjQ1MjJhOTI1ZGJmZWY0OTJkM2ZmYjYiLCJfYXV0aF91c2VyX2JhY2tlbmQiOiJkamFuZ28uY29udHJpYi5hdXRoLmJhY2tlbmRzLk1vZGVsQmFja2VuZCIsIl9hdXRoX3VzZXJfaWQiOiIyIn0=", "expire_date": "2017-12-08T13:27:14.230Z"}}, {"model": "sessions.session", "pk": "yxbtn79wo7m8mrse6qc7uylquewslmjx", "fields": {"session_data": "MWU0NWI5MDYwOGJhYmFlZDQ0ZThjZGFhOGQ3OTA4M2I5YTkyZTgwOTp7Il9hdXRoX3VzZXJfaGFzaCI6ImY2ODdmOTg1OThhOTk4MWYwYjQ1MjJhOTI1ZGJmZWY0OTJkM2ZmYjYiLCJfYXV0aF91c2VyX2JhY2tlbmQiOiJkamFuZ28uY29udHJpYi5hdXRoLmJhY2tlbmRzLk1vZGVsQmFja2VuZCIsIl9hdXRoX3VzZXJfaWQiOiIyIn0=", "expire_date": "2018-01-18T17:50:48.441Z"}}, {"model": "auth.permission", "pk": 1, "fields": {"name": "Can add patient type", "content_type": 1, "codename": "add_patienttype"}}, {"model": "auth.permission", "pk": 2, "fields": {"name": "Can change patient type", "content_type": 1, "codename": "change_patienttype"}}, {"model": "auth.permission", "pk": 3, "fields": {"name": "Can delete patient type", "content_type": 1, "codename": "delete_patienttype"}}, {"model": "auth.permission", "pk": 4, "fields": {"name": "Can add patient", "content_type": 2, "codename": "add_patient"}}, {"model": "auth.permission", "pk": 5, "fields": {"name": "Can change patient", "content_type": 2, "codename": "change_patient"}}, {"model": "auth.permission", "pk": 6, "fields": {"name": "Can delete patient", "content_type": 2, "codename": "delete_patient"}}, {"model": "auth.permission", "pk": 7, "fields": {"name": "Can add diagnosys", "content_type": 3, "codename": "add_diagnosys"}}, {"model": "auth.permission", "pk": 8, "fields": {"name": "Can change diagnosys", "content_type": 3, "codename": "change_diagnosys"}}, {"model": "auth.permission", "pk": 9, "fields": {"name": "Can delete diagnosys", "content_type": 3, "codename": "delete_diagnosys"}}, {"model": "auth.permission", "pk": 10, "fields": {"name": "Can add treatment", "content_type": 4, "codename": "add_treatment"}}, {"model": "auth.permission", "pk": 11, "fields": {"name": "Can change treatment", "content_type": 4, "codename": "change_treatment"}}, {"model": "auth.permission", "pk": 12, "fields": {"name": "Can delete treatment", "content_type": 4, "codename": "delete_treatment"}}, {"model": "auth.permission", "pk": 13, "fields": {"name": "Can add department", "content_type": 5, "codename": "add_department"}}, {"model": "auth.permission", "pk": 14, "fields": {"name": "Can change department", "content_type": 5, "codename": "change_department"}}, {"model": "auth.permission", "pk": 15, "fields": {"name": "Can delete department", "content_type": 5, "codename": "delete_department"}}, {"model": "auth.permission", "pk": 16, "fields": {"name": "Can add medicine type", "content_type": 6, "codename": "add_medicinetype"}}, {"model": "auth.permission", "pk": 17, "fields": {"name": "Can change medicine type", "content_type": 6, "codename": "change_medicinetype"}}, {"model": "auth.permission", "pk": 18, "fields": {"name": "Can delete medicine type", "content_type": 6, "codename": "delete_medicinetype"}}, {"model": "auth.permission", "pk": 19, "fields": {"name": "Can add medicine", "content_type": 7, "codename": "add_medicine"}}, {"model": "auth.permission", "pk": 20, "fields": {"name": "Can change medicine", "content_type": 7, "codename": "change_medicine"}}, {"model": "auth.permission", "pk": 21, "fields": {"name": "Can delete medicine", "content_type": 7, "codename": "delete_medicine"}}, {"model": "auth.permission", "pk": 22, "fields": {"name": "Can add visit", "content_type": 8, "codename": "add_visit"}}, {"model": "auth.permission", "pk": 23, "fields": {"name": "Can change visit", "content_type": 8, "codename": "change_visit"}}, {"model": "auth.permission", "pk": 24, "fields": {"name": "Can delete visit", "content_type": 8, "codename": "delete_visit"}}, {"model": "auth.permission", "pk": 25, "fields": {"name": "Can add medicine stock change", "content_type": 9, "codename": "add_medicinestockchange"}}, {"model": "auth.permission", "pk": 26, "fields": {"name": "Can change medicine stock change", "content_type": 9, "codename": "change_medicinestockchange"}}, {"model": "auth.permission", "pk": 27, "fields": {"name": "Can delete medicine stock change", "content_type": 9, "codename": "delete_medicinestockchange"}}, {"model": "auth.permission", "pk": 28, "fields": {"name": "Can add log entry", "content_type": 10, "codename": "add_logentry"}}, {"model": "auth.permission", "pk": 29, "fields": {"name": "Can change log entry", "content_type": 10, "codename": "change_logentry"}}, {"model": "auth.permission", "pk": 30, "fields": {"name": "Can delete log entry", "content_type": 10, "codename": "delete_logentry"}}, {"model": "auth.permission", "pk": 31, "fields": {"name": "Can add permission", "content_type": 11, "codename": "add_permission"}}, {"model": "auth.permission", "pk": 32, "fields": {"name": "Can change permission", "content_type": 11, "codename": "change_permission"}}, {"model": "auth.permission", "pk": 33, "fields": {"name": "Can delete permission", "content_type": 11, "codename": "delete_permission"}}, {"model": "auth.permission", "pk": 34, "fields": {"name": "Can add group", "content_type": 12, "codename": "add_group"}}, {"model": "auth.permission", "pk": 35, "fields": {"name": "Can change group", "content_type": 12, "codename": "change_group"}}, {"model": "auth.permission", "pk": 36, "fields": {"name": "Can delete group", "content_type": 12, "codename": "delete_group"}}, {"model": "auth.permission", "pk": 37, "fields": {"name": "Can add user", "content_type": 13, "codename": "add_user"}}, {"model": "auth.permission", "pk": 38, "fields": {"name": "Can change user", "content_type": 13, "codename": "change_user"}}, {"model": "auth.permission", "pk": 39, "fields": {"name": "Can delete user", "content_type": 13, "codename": "delete_user"}}, {"model": "auth.permission", "pk": 40, "fields": {"name": "Can add content type", "content_type": 14, "codename": "add_contenttype"}}, {"model": "auth.permission", "pk": 41, "fields": {"name": "Can change content type", "content_type": 14, "codename": "change_contenttype"}}, {"model": "auth.permission", "pk": 42, "fields": {"name": "Can delete content type", "content_type": 14, "codename": "delete_contenttype"}}, {"model": "auth.permission", "pk": 43, "fields": {"name": "Can add session", "content_type": 15, "codename": "add_session"}}, {"model": "auth.permission", "pk": 44, "fields": {"name": "Can change session", "content_type": 15, "codename": "change_session"}}, {"model": "auth.permission", "pk": 45, "fields": {"name": "Can delete session", "content_type": 15, "codename": "delete_session"}}, {"model": "auth.user", "pk": 1, "fields": {"password": "pbkdf2_sha256$36000$GcZght4PHfyh$MAJsjwgUhp4HaLo4HIJO5CJh1DuiMAvVc3jEI7KOuHA=", "last_login": "2017-11-19T12:57:17.991Z", "is_superuser": true, "username": "disbeat", "first_name": "", "last_name": "", "email": "disbeat@gmail.com", "is_staff": true, "is_active": true, "date_joined": "2017-11-18T03:57:07.117Z", "groups": [], "user_permissions": []}}, {"model": "auth.user", "pk": 2, "fields": {"password": "pbkdf2_sha256$36000$MSKg22txKowz$LDJXAwNYtntw+wq7fKmrGWHkX3zf8qa8r6KAB/plwRE=", "last_login": "2018-01-22T17:28:06.293Z", "is_superuser": false, "username": "mariana", "first_name": "", "last_name": "", "email": "", "is_staff": true, "is_active": true, "date_joined": "2017-11-19T11:05:33Z", "groups": [], "user_permissions": [28, 29, 30, 34, 35, 36, 31, 32, 33, 37, 38, 39, 40, 41, 42, 13, 14, 15, 7, 8, 9, 19, 20, 21, 25, 26, 27, 16, 17, 18, 4, 5, 6, 1, 2, 3, 10, 11, 12, 22, 23, 24, 43, 44, 45]}}, {"model": "auth.user", "pk": 3, "fields": {"password": "pbkdf2_sha256$36000$RbJvmRaDS13M$PO2T+uf5RjAskEbMXFEcZNysw3gZ09OVzgfVyT66mrY=", "last_login": null, "is_superuser": false, "username": "nurse_mariana", "first_name": "Mariana", "last_name": "Carmo", "email": "", "is_staff": true, "is_active": true, "date_joined": "2017-11-19T12:34:23Z", "groups": [], "user_permissions": [13, 14, 15, 7, 8, 9, 19, 20, 21, 25, 26, 27, 16, 17, 18, 4, 5, 6, 1, 2, 3, 10, 11, 12, 22, 23, 24]}}, {"model": "admin.logentry", "pk": 1, "fields": {"action_time": "2017-11-18T03:58:40.509Z", "user": 1, "content_type": 1, "object_id": "1", "object_repr": "Expat", "action_flag": 1, "change_message": "Added."}}, {"model": "admin.logentry", "pk": 2, "fields": {"action_time": "2017-11-18T03:58:48.774Z", "user": 1, "content_type": 2, "object_id": "1", "object_repr": "1: Marco Simoes", "action_flag": 1, "change_message": "Added."}}, {"model": "admin.logentry", "pk": 3, "fields": {"action_time": "2017-11-18T03:59:12.788Z", "user": 1, "content_type": 1, "object_id": "2", "object_repr": "Local", "action_flag": 1, "change_message": "Added."}}, {"model": "admin.logentry", "pk": 4, "fields": {"action_time": "2017-11-18T03:59:17.102Z", "user": 1, "content_type": 2, "object_id": "2", "object_repr": "2: Andreia Gomes", "action_flag": 1, "change_message": "Added."}}, {"model": "admin.logentry", "pk": 5, "fields": {"action_time": "2017-11-18T03:59:44.755Z", "user": 1, "content_type": 6, "object_id": "1", "object_repr": "Oral", "action_flag": 1, "change_message": "Added."}}, {"model": "admin.logentry", "pk": 6, "fields": {"action_time": "2017-11-18T03:59:53.094Z", "user": 1, "content_type": 6, "object_id": "2", "object_repr": "Wound", "action_flag": 1, "change_message": "Added."}}, {"model": "admin.logentry", "pk": 7, "fields": {"action_time": "2017-11-18T04:00:51.098Z", "user": 1, "content_type": 7, "object_id": "1", "object_repr": "123432 - Brufen 600", "action_flag": 1, "change_message": "Added."}}, {"model": "admin.logentry", "pk": 8, "fields": {"action_time": "2017-11-18T04:01:17.422Z", "user": 1, "content_type": 9, "object_id": "1", "object_repr": "123432 - Brufen 600 | 12", "action_flag": 1, "change_message": "Added."}}, {"model": "admin.logentry", "pk": 9, "fields": {"action_time": "2017-11-18T04:02:20.597Z", "user": 1, "content_type": 5, "object_id": "1", "object_repr": "Hotel Bom Bom", "action_flag": 1, "change_message": "Added."}}, {"model": "admin.logentry", "pk": 10, "fields": {"action_time": "2017-11-18T04:02:47.285Z", "user": 1, "content_type": 3, "object_id": "1", "object_repr": "AB12 - Dor de Pesco\u00e7o", "action_flag": 1, "change_message": "Added."}}, {"model": "admin.logentry", "pk": 11, "fields": {"action_time": "2017-11-18T04:03:10.030Z", "user": 1, "content_type": 3, "object_id": "2", "object_repr": "BB32 - Adsa asda", "action_flag": 1, "change_message": "Added."}}, {"model": "admin.logentry", "pk": 12, "fields": {"action_time": "2017-11-18T04:03:35.755Z", "user": 1, "content_type": 4, "object_id": "1", "object_repr": "VL123 - BlaBla", "action_flag": 1, "change_message": "Added."}}, {"model": "admin.logentry", "pk": 13, "fields": {"action_time": "2017-11-18T04:03:49.737Z", "user": 1, "content_type": 8, "object_id": "1", "object_repr": "1: Marco Simoes @ 2017-11-18 04:02:08+00:00", "action_flag": 1, "change_message": "Added."}}, {"model": "admin.logentry", "pk": 14, "fields": {"action_time": "2017-11-18T04:09:36.304Z", "user": 1, "content_type": 7, "object_id": "1", "object_repr": "123432 - Brufen 600", "action_flag": 2, "change_message": "No fields changed."}}, {"model": "admin.logentry", "pk": 15, "fields": {"action_time": "2017-11-18T04:15:39.266Z", "user": 1, "content_type": 8, "object_id": "2", "object_repr": "2: Andreia Gomes @ 2017-11-18 04:14:36+00:00", "action_flag": 1, "change_message": "Added. Added medicine stock change \"123432 - Brufen 600 | 5\"."}}, {"model": "admin.logentry", "pk": 16, "fields": {"action_time": "2017-11-18T04:18:38.608Z", "user": 1, "content_type": 8, "object_id": "3", "object_repr": "3: Marco Simoes @ 2017-11-18 04:18:14+00:00", "action_flag": 1, "change_message": "Added. Added medicine stock change \"123432 - Brufen 600 | -15\"."}}, {"model": "admin.logentry", "pk": 17, "fields": {"action_time": "2017-11-18T04:20:10.502Z", "user": 1, "content_type": 9, "object_id": "4", "object_repr": "123432 - Brufen 600 | 5", "action_flag": 1, "change_message": "Added."}}, {"model": "admin.logentry", "pk": 18, "fields": {"action_time": "2017-11-18T04:20:56.231Z", "user": 1, "content_type": 8, "object_id": "4", "object_repr": "4: Andreia Gomes @ 2017-11-18 04:20:35+00:00", "action_flag": 1, "change_message": "Added. Added medicine stock change \"123432 - Brufen 600 | -9\"."}}, {"model": "admin.logentry", "pk": 19, "fields": {"action_time": "2017-11-18T04:25:02.250Z", "user": 1, "content_type": 8, "object_id": "5", "object_repr": "5: Marco Simoes @ 2017-11-18 04:24:50+00:00", "action_flag": 1, "change_message": "Added. Added medicine stock change \"123432 - Brufen 600 | 2\"."}}, {"model": "admin.logentry", "pk": 20, "fields": {"action_time": "2017-11-18T04:27:11.469Z", "user": 1, "content_type": 9, "object_id": "6", "object_repr": "123432 - Brufen 600 | 2.00", "action_flag": 3, "change_message": ""}}, {"model": "admin.logentry", "pk": 21, "fields": {"action_time": "2017-11-19T11:05:33.363Z", "user": 1, "content_type": 13, "object_id": "2", "object_repr": "mariana", "action_flag": 1, "change_message": "Added."}}, {"model": "admin.logentry", "pk": 22, "fields": {"action_time": "2017-11-19T11:06:10.953Z", "user": 1, "content_type": 13, "object_id": "2", "object_repr": "mariana", "action_flag": 2, "change_message": "Changed is_staff and user_permissions."}}, {"model": "admin.logentry", "pk": 23, "fields": {"action_time": "2017-11-19T11:21:56.969Z", "user": 1, "content_type": 9, "object_id": "7", "object_repr": "123432 - Brufen 600 | 45", "action_flag": 1, "change_message": "Added."}}, {"model": "admin.logentry", "pk": 24, "fields": {"action_time": "2017-11-19T11:58:56.078Z", "user": 1, "content_type": 8, "object_id": "6", "object_repr": "6: Andreia Gomes @ 2017-11-19 11:58:28+00:00", "action_flag": 1, "change_message": "Added. Added medicine stock change \"123432 - Brufen 600 | -3\"."}}, {"model": "admin.logentry", "pk": 25, "fields": {"action_time": "2017-11-19T12:34:23.994Z", "user": 1, "content_type": 13, "object_id": "3", "object_repr": "nurse_mariana", "action_flag": 1, "change_message": "[{\"added\": {}}]"}}, {"model": "admin.logentry", "pk": 26, "fields": {"action_time": "2017-11-19T12:35:05.437Z", "user": 1, "content_type": 13, "object_id": "3", "object_repr": "nurse_mariana", "action_flag": 2, "change_message": "[{\"changed\": {\"fields\": [\"first_name\", \"last_name\", \"is_staff\"]}}]"}}, {"model": "admin.logentry", "pk": 27, "fields": {"action_time": "2018-01-04T17:51:33.328Z", "user": 2, "content_type": 5, "object_id": "2", "object_repr": "Hotel Ro\u00e7a Sundy", "action_flag": 1, "change_message": "[{\"added\": {}}]"}}, {"model": "admin.logentry", "pk": 28, "fields": {"action_time": "2018-01-04T17:51:34.870Z", "user": 2, "content_type": 5, "object_id": "3", "object_repr": "Hotel Ro\u00e7a Sundy", "action_flag": 1, "change_message": "[{\"added\": {}}]"}}, {"model": "admin.logentry", "pk": 29, "fields": {"action_time": "2018-01-04T17:51:50.573Z", "user": 2, "content_type": 5, "object_id": "4", "object_repr": "Hotel Praia Sundy", "action_flag": 1, "change_message": "[{\"added\": {}}]"}}, {"model": "admin.logentry", "pk": 30, "fields": {"action_time": "2018-01-04T17:52:05.662Z", "user": 2, "content_type": 5, "object_id": "5", "object_repr": "Waste Management", "action_flag": 1, "change_message": "[{\"added\": {}}]"}}, {"model": "admin.logentry", "pk": 31, "fields": {"action_time": "2018-01-04T17:52:25.433Z", "user": 2, "content_type": 5, "object_id": "6", "object_repr": "Maintenance", "action_flag": 1, "change_message": "[{\"added\": {}}]"}}, {"model": "admin.logentry", "pk": 32, "fields": {"action_time": "2018-01-04T17:52:41.807Z", "user": 2, "content_type": 5, "object_id": "7", "object_repr": "Carpentry", "action_flag": 1, "change_message": "[{\"added\": {}}]"}}, {"model": "admin.logentry", "pk": 33, "fields": {"action_time": "2018-01-04T17:53:01.980Z", "user": 2, "content_type": 5, "object_id": "8", "object_repr": "FPT", "action_flag": 1, "change_message": "[{\"added\": {}}]"}}, {"model": "admin.logentry", "pk": 34, "fields": {"action_time": "2018-01-04T17:53:25.133Z", "user": 2, "content_type": 5, "object_id": "9", "object_repr": "Agriculture", "action_flag": 1, "change_message": "[{\"added\": {}}]"}}, {"model": "admin.logentry", "pk": 35, "fields": {"action_time": "2018-01-04T17:53:54.089Z", "user": 2, "content_type": 5, "object_id": "10", "object_repr": "Tourist BB", "action_flag": 1, "change_message": "[{\"added\": {}}]"}}, {"model": "admin.logentry", "pk": 36, "fields": {"action_time": "2018-01-04T17:54:00.421Z", "user": 2, "content_type": 5, "object_id": "11", "object_repr": "Tourist RS", "action_flag": 1, "change_message": "[{\"added\": {}}]"}}, {"model": "admin.logentry", "pk": 37, "fields": {"action_time": "2018-01-04T17:54:09.296Z", "user": 2, "content_type": 5, "object_id": "12", "object_repr": "Tourist PS", "action_flag": 1, "change_message": "[{\"added\": {}}]"}}, {"model": "admin.logentry", "pk": 38, "fields": {"action_time": "2018-01-04T17:54:25.922Z", "user": 2, "content_type": 5, "object_id": "13", "object_repr": "Expat BB", "action_flag": 1, "change_message": "[{\"added\": {}}]"}}, {"model": "admin.logentry", "pk": 39, "fields": {"action_time": "2018-01-04T17:54:36.433Z", "user": 2, "content_type": 5, "object_id": "14", "object_repr": "Expat RS", "action_flag": 1, "change_message": "[{\"added\": {}}]"}}, {"model": "admin.logentry", "pk": 40, "fields": {"action_time": "2018-01-04T17:54:44.990Z", "user": 2, "content_type": 5, "object_id": "15", "object_repr": "Expat PS", "action_flag": 1, "change_message": "[{\"added\": {}}]"}}, {"model": "admin.logentry", "pk": 41, "fields": {"action_time": "2018-01-04T17:54:50.443Z", "user": 2, "content_type": 5, "object_id": "16", "object_repr": "Office", "action_flag": 1, "change_message": "[{\"added\": {}}]"}}, {"model": "admin.logentry", "pk": 42, "fields": {"action_time": "2018-01-04T17:55:56.821Z", "user": 2, "content_type": 5, "object_id": "17", "object_repr": "Expat Office", "action_flag": 1, "change_message": "[{\"added\": {}}]"}}, {"model": "admin.logentry", "pk": 43, "fields": {"action_time": "2018-01-04T17:56:10.666Z", "user": 2, "content_type": 5, "object_id": "18", "object_repr": "Expat Other Departments", "action_flag": 1, "change_message": "[{\"added\": {}}]"}}, {"model": "admin.logentry", "pk": 44, "fields": {"action_time": "2018-01-04T18:12:20.238Z", "user": 2, "content_type": 7, "object_id": "2", "object_repr": "ABX - Flucloxacilina 500mg", "action_flag": 1, "change_message": "[{\"added\": {}}]"}}, {"model": "nursing.visit", "pk": 1, "fields": {"patient": 1, "when": "2017-11-18T04:02:08Z", "department": 1, "symptoms": "", "info": "", "nurse": 1, "diagnosys": [1, 2], "treatments": [1]}}, {"model": "nursing.visit", "pk": 2, "fields": {"patient": 2, "when": "2017-11-18T04:14:36Z", "department": 1, "symptoms": "", "info": "", "nurse": 1, "diagnosys": [1], "treatments": []}}, {"model": "nursing.visit", "pk": 3, "fields": {"patient": 1, "when": "2017-11-18T04:18:14Z", "department": 1, "symptoms": "", "info": "", "nurse": 1, "diagnosys": [], "treatments": []}}, {"model": "nursing.visit", "pk": 4, "fields": {"patient": 2, "when": "2017-11-18T04:20:35Z", "department": 1, "symptoms": "", "info": "", "nurse": 1, "diagnosys": [], "treatments": []}}, {"model": "nursing.visit", "pk": 5, "fields": {"patient": 1, "when": "2017-11-18T04:24:50Z", "department": 1, "symptoms": "", "info": "", "nurse": 1, "diagnosys": [], "treatments": []}}, {"model": "nursing.visit", "pk": 6, "fields": {"patient": 2, "when": "2017-11-19T11:58:28Z", "department": 1, "symptoms": "", "info": "", "nurse": 2, "diagnosys": [], "treatments": []}}]